Item Number,Vendor Catalog No.
VBL027,FHC CK02
VBL028,FHC CK04
VBL029,FHC MK04
VBL030,FHC MK06
VBL031,FHC MK08
VBL032,FHC SK06
VBL043,FSCC 2222
VBL044,FSCC 2230
VBL045,FSCC 2234
VBL046,FSCC 2246
VBL047,FSCC 3030
VBL048,FSCC 3046
VBL049,FSCC 3434
VBL050,FSCC 4622
VBL051,FSCC 4646
VBL052,FSCD C01
VBL053,FSCD C04
VBL054,FSCD C06
VBL055,FSCD C08
VBL056,FSCD M02
VBL057,FSCD M04
VBL058,FSCD M06
VBL059,FSCD M08
VBL060,FSCD S01
VBL061,FSCD S06
VBL062,FSCH C01
VBL063,FSCH C04
VBL064,FSCH C06
VBL065,FSCH C08
VBL066,FSCH M02
VBL067,FSCH M04
VBL068,FSCH M06
VBL069,FSCH M08
VBL070,FSCH S01
VBL071,FSCH S06
VBT2222,ZZZ 199 2222
VBT2230,ZZZ 199 2230
VBT2234,ZZZ 199 2234
VBT2246,ZZZ 199 2246
VBT2270,ZZZ 199 2270
VBT3030,ZZZ 199 3030
VBT3046,ZZZ 199 3046
VBT3434,ZZZ 199 3434
VBT3446,ZZZ 199 3446
VBT4622,ZZZ 199 4622
VBT4646,ZZZ 199 4646
VELKIX300US,KIX 300
VELKLA300US,KLA 300
VELKLF200US,KLF 200
VELZCT300,ZCT 300
VELZOZ32,ZOZ 032
VELZXT200,ZXT 200
VELZZZ201B,ZZZ 201B
VELZZZ212,ZZZ 212
VFCM3072,FCM 3072
VFCM4672,FCM 4672
VFLA001,EDW C01
VFLA003,EDW C04
VFLA004,EDW C06
VFLA005,EDW C08
VFLA006,EDW CK02
VFLA007,EDW CK04
VFLA008,EDW M02
VFLA009,EDW M04
VFLA010,EDW M06
VFLA011,EDW M08
VFLA012,EDW MK04
VFLA013,EDW MK06
VFLA014,EDW MK08
VFLA015,EDW S01
VFLA016,EDW S06
VFLA017,EDW SK06
VFLA018,EKW C04 0001E
VFLA019,EKW C04 0002E
VFLA020,EKW C04 0003
VFLA021,EKW C06 0001E
VFLA022,EKW C06 0002E
VFLA023,EKW C06 0003
VFLA024,EKW C08 0004EE
VFLA025,EKW C08 0006E
VFLA026,EKW C08 0007E
VFLA027,EKW CK02 2002M
VFLA028,EKW CK02 2004ME
VFLA029,EKW CK02 2006ME
VFLA030,EKW CK02 2021M
VFLA031,EKW CK04 2002M
VFLA032,EKW CK04 2004ME
VFLA033,EKW CK04 2006ME
VFLA034,EKW CK04 2007ME
VFLA035,EKW CK04 2021M
VFLA036,EKW M04 0001E
VFLA037,EKW M04 0002E
VFLA038,EKW M04 0003
VFLA039,EKW M06 0001E
VFLA040,EKW M06 0002E
VFLA041,EKW M06 0003
VFLA042,EKW M08 0001E
VFLA043,EKW M08 0002E
VFLA044,EKW M08 0003
VFLA045,EKW M08 0004EE
VFLA046,EKW M08 0006E
VFLA047,EKW M08 0007E
VFLA049,EKW MK04 2002M
VFLA050,EKW MK04 2004ME
VFLA051,EKW MK04 2006ME
VFLA053,EKW MK06 2002M
VFLA054,EKW MK06 2004ME
VFLA055,EKW MK06 2006ME
VFLA056,EKW MK06 2021M
VFLA057,EKW MK08 2002M
VFLA058,EKW MK08 2004ME
VFLA059,EKW MK08 2006ME
VFLA060,EKW MK08 2007ME
VFLA061,EKW MK08 0021E
VFLA062,EKW S06 0001E
VFLA063,EKW S06 0002E
VFLA064,EKW S06 0003
VFLA065,EKW S06 0004EE
VFLA066,EKW S06 0006E
VFLA067,EKW S06 0007E
VFLA069,EKW SK06 2002M
VFLA070,EKW SK06 2004ME
VFLA071,EKW SK06 2006ME
VFLA072,EKW SK06 2007ME
VFLA073,EKW SK06 2021M
VFLA074,EKX CK02 2005ME
VFLA075,EKX CK04 2005ME
VFLA076,EKX MK04 2005ME
VFLA077,EKX MK06 2005ME
VFLA078,EKX MK08 2005ME
VFLA079,EKX SK06 2005ME
VSK001,FCM 1430
VSK002,FCM 2222
VSK003,FCM 2230
VSK004,FCM 2234
VSK005,FCM 2246
VSK006,FCM 2270
VSK007,FCM 3030
VSK008,FCM 3046
VSK009,FCM 3434
VSK010,FCM 3446
VSK011,FCM 4646
VSK012,FS C01
VSK013,FS C04
VSK014,FS C06
VSK015,FS C08
VSK016,FS M02
VSK017,FS M04
VSK018,FS M06
VSK019,FS M08
VSK020,FS S01
VSK021,FS S06
VSK022,GGL CK02
VSK023,GGL CK04
VSK024,GGL MK04
VSK025,GGL MK08
VSK026,GGL SK06
VSK027,GPL CK04
VSK028,GPL MK04
VSK029,GPL MK06
VSK030,GPL MK08
VSK031,GPL SK06
VSK032,VCM 2222
VSK033,VCM 2234
VSK034,VCM 2246
VSK035,VCM 3030
VSK036,VCM 3046
VSK037,VCM 4646
VSK038,VCS 2222
VSK039,VCS 2234
VSK040,VCS 2246
VSK041,VCS 3030
VSK042,VCS 3046
VSK043,VCS 4622
VSK044,VCS 4646
VSK045,VS C01
VSK046,VS C04
VSK047,VS C06
VSK048,VS C08
VSK049,VS M02
VSK050,VS M04
VSK051,VS M06
VSK052,VS M08
VSK053,VS S01
VSK054,VS S06
VSK055,VSE C01
VSK056,VSE C04
VSK057,VSE C06
VSK058,VSE C08
VSK059,VSE M04
VSK060,VSE M06
VSK061,VSE M08
VSK062,VSE S01
VSK063,VSE S06
VSK064,VSS C01
VSK065,VSS C04
VSK066,VSS C06
VSK067,VSS C08
VSK068,VSS M02
VSK069,VSS M04
VSK070,VSS M06
VSK071,VSS M08
VSK072,VSS S01
VSK073,VSS S06
VSK074,FS C12
VSKFCM355,FCM 3055
VST001,TWF 0K14
VST002,TWR 0K14
