No.1 Code,VELUX Code
VEL-EDL C08 0000J,EDL C08
VEL-EDL CK04 0000,EDL CK04
VEL-EDL M08 0000J,EDL M08
VEL-EDL MK08 0000,EDL MK08
VEL-EDL S06 0000J,EDL S06
VEL-EDL SK06 0000,EDL SK06
VEL-EDW C01 0000A,EDW C01
VEL-EDW C02 0000A,EDW C02
VEL-EDW C04 0000A,EDW C04
VEL-EDW C06 0000A,EDW C06
VEL-EDW C08 0000A,EDW C08
VEL-EDW C12 0000A,EDW C12
VEL-EDW CK02 0000,EDW CK02
VEL-EDW CK04 0000,EDW CK04
VEL-EDW M04 0000A,EDW M04
VEL-EDW M02 0000A,EDW M02
VEL-EDW M06 0000A,EDW M06
VEL-EDW M08 0000A,EDW M08
VEL-EDW MK04 0000,EDW MK04
VEL-EDW MK08 0000,EDW MK08
VEL-EDW S01 0000A,EDW S01
VEL-EDW MK06 0000,EDW MK06
VEL-EDW S06 0000A,EDW S06
VEL-EKW C04 0001E,EKW C04
VEL-EKW C04 0002E,EKW C04
VEL-EDW SK06 0000,EDW SK06
VEL-EKW C06 0002E,EKW C06
VEL-EKW C04 0003,EKW C04
VEL-EKW C06 0001E,EKW C06
VEL-EKW C06 0003,EKW C06
VEL-EKW CK02 0002E,EKW CK02
VEL-EKW C08 0001E,EKW C08
VEL-EKW C08 0002E,EKW C08
VEL-EKW C08 0003,EKW C08
VEL-EKW CK02 0021E,EKW CK02
VEL-EKW CK04 0021E,EKW CK04
VEL-EKW CK04 0002E,EKW CK04
VEL-EKW M04 0001E,EKW M04
VEL-EKW M04 0002E,EKW M04
VEL-EKW M06 0001E,EKW M06
VEL-EKW M04 0003,EKW M04
VEL-EKW M06 0002E,EKW M06
VEL-EKW M06 0003,EKW M06
VEL-EKW M08 0001E,EKW M08
VEL-EKW M08 0002E,EKW M08
VEL-EKW M08 0003,EKW M08
VEL-EKW MK04 0002E,EKW MK04
VEL-EKW MK04 0021E,EKW MK04
VEL-EKW MK06 0002E,EKW MK06
VEL-EKW MK06 0021E,EKW MK06
VEL-EKW MK08 0002E,EKW MK08
VEL-EKW MK08 0021E,EKW MK08
VEL-EKW S06 0001E,EKW S06
VEL-EKW S06 0002E,EKW S06
VEL-EKW S06 0003,EKW S06
VEL-EKW SK06 0021E,EKW SK06
VEL-EKW SK06 0002E,EKW SK06
VEL-FCM 1430 0004AD,FCM 1430
VEL-FCM 2222 0004AD,FCM 2222
VEL-FCM 2230 0004AD,FCM 2230
VEL-FCM 2234 0004AD,FCM 2234
VEL-FCM 2246 0004AD,FCM 2246
VEL-FCM 2270 0004AD,FCM 2270
VEL-FCM 3030 0004AD,FCM 3030
VEL-FCM 3046 0004AD,FCM 3046
VEL-FCM 3055 0004AD,FCM 3055
VEL-FCM 4646 0004AD,FCM 4646
VEL-FCM 3446 0004AD,FCM 3446
VEL-FCM 3434 0004AD,FCM 3434
VEL-FCM 4672 0004AD,FCM 4672
VEL-FHC CK02 1045S,FHC CK02
VEL-FHC CK04 1045S,FHC CK04
VEL-FHC MK04 1045S,FHC MK04
VEL-FHC MK06 1045S,FHC MK06
VEL-FHC MK08 1045S,FHC MK08
VEL-FHC SK06 1045S,FHC SK06
VEL-FS C04 2004AD,FS C04
VEL-FS C01 2004AD,FS C01
VEL-FS C08 2004AD,FS C08
VEL-FS C06 2004AD,FS C06
VEL-FS C12 2004AD,FS C12
VEL-FS M02 2004AD,FS M02
VEL-FS S01 2004AD,FS S01
VEL-FS M08 2004AD,FS M08
VEL-FS M06 2004AD,FS M06
VEL-FS M04 2004AD,FS M04
VEL-FS S06 2004AD,FS S06
VEL-GGL MK04 2076F,GGL MK04
VEL-GGL CK04 2076F,GGL CK04
VEL-GGL MK08 2076F,GGL MK08
VEL-GGL CK02 2076F,GGL CK02
VEL-GPL MK04 2076F,GPL MK04
VEL-GGL SK06 2076F,GGL SK06
VEL-GPL MK06 2076F,GPL MK06
VEL-GPL CK04 2076F,GPL CK04
VEL-GPL MK08 2076F,GPL MK08
VEL-GPL SK06 2076F,GPL SK06
VEL-KLA 300 US,KLA 300
VEL-KIX 300 US,KIX 300
VEL-KLI 310,KLI 310
VEL-KLF 200 US,KLF 200
VEL-MISC,MISC
VEL-TWF 0K14 2010,TWF 0K14
VEL-TWR 0K14 2010,TWR 0K14
VEL-VCM 2222 2004AD,VCM 2222
VEL-VCM 2246 2004AD,VCM 2246
VEL-VCM 2234 2004AD,VCM 2234
VEL-VCM 3030 2004AD,VCM 3030
VEL-VCM 3046 2004AD,VCM 3046
VEL-VCM 3434 2004AD,VCM 3434
VEL-VCS 2222 2004AE,VCS 2222
VEL-VCM 4646 2004AD,VCM 4646
VEL-VCS 2234 2004AE,VCS 2234
VEL-VCS 2246 2004AE,VCS 2246
VEL-VCS 3030 2004AE,VCS 3030
VEL-VCS 3046 2004AE,VCS 3046
VEL-VCS 3434 2004AE,VCS 3434
VEL-VCS 4622 2004AE,VCS 4622
VEL-VCS 4646 2004AE,VCS 4646
VEL-VS C01 2004AD,VS C01
VEL-VS C04 2004AD,VS C04
VEL-VS C06 2004AD,VS C06
VEL-VS C08 2004AD,VS C08
VEL-VS M02 2004AD,VS M02
VEL-VS M04 2004AD,VS M04
VEL-VS M08 2004AD,VS M08
VEL-VS M06 2004AD,VS M06
VEL-VS S01 2004AD,VS S01
VEL-VS S06 2004AD,VS S06
VEL-VSE C01 2004AE,VSE C01
VEL-VSE C04 2004AE,VSE C04
VEL-VSE C06 2004AE,VSE C06
VEL-VSE C08 2004AE,VSE C08
VEL-VSE M04 2004AE,VSE M04
VEL-VSE M06 2004AE,VSE M06
VEL-VSE S01 2004AE,VSE S01
VEL-VSE M08 2004AE,VSE M08
VEL-VSE S06 2004AE,VSE S06
VEL-VSS C01 2004AE,VSS C01
VEL-VSS C06 2004AE,VSS C06
VEL-VSS C04 2004AE,VSS C04
VEL-VSS M02 2004AE,VSS M02
VEL-VSS C08 2004AE,VSS C08
VEL-VSS M06 2004AE,VSS M06
VEL-VSS M04 2004AE,VSS M04
VEL-VSS M08 2004AE,VSS M08
VEL-VSS S06 2004AE,VSS S06
VEL-VSS S01 2004AE,VSS S01
VEL-XAU EKW C12 0001E,XAU EKW C12 0001E
VEL-XAU EKW C12 0002E,XAU EKW C12 0002E
VEL-XAU EKW C12 0003,XAU EKW C12 0003
VEL-ZCT 300,ZCT 300
VEL-ZIL CK06 8888,ZIL CK06
VEL-ZCT200,ZCT 200
VEL-ZILC04 0000Z,ZIL C04
VEL-ZIL MK10 8888,ZIL MK10
VEL-ZIL SK10 8888,ZIL SK10
VEL-ZILM10 0000Z,ZIL M10
VEL-ZILM06 0000Z,ZIL M06
VEL-ZTR 0K14 0124,ZTR 0K14
VEL-ZTR OK14 0000,ZTR OK14
VEL-ZOZ 032,ZOZ 032
VEL-ZXT 200,ZXT 200
VEL-ZZZ 199 2222,ZZZ 199 2222 B
VEL-ZZZ 199 2230,ZZZ 199 2230 B
VEL-ZZZ 199 2234,ZZZ 199 2234 B
VEL-ZZZ 199 2246,ZZZ 199 2246 B
VEL-ZZZ 199 3030,ZZZ 199 3030 B
VEL-ZZZ 199 3434,ZZZ 199 3434 B
VEL-ZZZ 199 3046,ZZZ 199 3046 B
VEL-ZZZ 199 4646,ZZZ 199 4646 B
VEL-ZZZ 201B,ZZZ 201 B
VEL-ZZZ 212,ZZZ 212 B
VEL-ZZZ203,ZZZ 203
VEL-FSCC 2222 1045KWL,FSCC 2222
VEL-FSCC 2230 1045KWL,FSCC 2230
VEL-FSCC 2234 1045KWL,FSCC 2234
VEL-FSCC 2246 1045KWL,FSCC 2246
VEL-FSCC 2270 1045KWL,FSCC 2270
VEL-FSCC 3030 1045KWL,FSCC 3030
VEL-FSCC 3046 1045KWL,FSCC 3046
VEL-FSCC 3434 1045KWL,FSCC 3434
VEL-FSCC 3446 1045KWL,FSCC 3446
VEL-FSCC 4622 1045KWL,FSCC 4622
VEL-FSCC 4646 1045KWL,FSCC 4646
VEL-FSCD C01 1045KWL,FSCD C01
VEL-FSCD C04 1045KWL,FSCD C04
VEL-FSCD C06 1045KWL,FSCD C06
VEL-FSCD C08 1045KWL,FSCD C08
VEL-FSCD C12 1045KWL,FSCD C12
VEL-FSCD M02 1045KWL,FSCD M02
VEL-FSCD M04 1045KWL,FSCD M04
VEL-FSCD M06 1045KWL,FSCD M06
VEL-FSCD M08 1045KWL,FSCD M08
VEL-FSCD S01 1045KWL,FSCD S01
VEL-FSCD S06 1045KWL,FSCD S06
VEL-FSCH C01 1045KWL,FSCH C01
VEL-FSCH C04 1045KWL,FSCH C04
VEL-FSCH C06 1045KWL,FSCH C06
VEL-FSCH C08 1045KWL,FSCH C08
VEL-FSCH M02 1045KWL,FSCH M02
VEL-FSCH M04 1045KWL,FSCH M04
VEL-FSCH M06 1045KWL,FSCH M06
VEL-FSCH M08 1045KWL,FSCH M08
VEL-FSCH S01 1045KWL,FSCH S01
VEL-FSCH S06 1045KWL,FSCH S06
VEL-FSLD C01 1016KWL,FSLD C01
VEL-FSLD C04 1016KWL,FSLD C04
VEL-FSLD C06 1016KWL,FSLD C06
VEL-FSLD C08 1016KWL,FSLD C08
VEL-FSLD M02 1016KWL,FSLD M02
VEL-FSLD M04 1016KWL,FSLD M04
VEL-FSLD M06 1016KWL,FSLD M06
VEL-FSLD M08 1016KWL,FSLD M08
VEL-FSLD S01 1016KWL,FSLD S01
VEL-FSLD S06 1016KWL,FSLD S06
VEL-FSLH C01 1016KWL,FSLH C01
VEL-FSLH C04 1016KWL,FSLH C04
VEL-FSLH C06 1016KWL,FSLH C06
VEL-FSLH C08 1016KWL,FSLH C08
VEL-FSLH M02 1016KWL,FSLH M02
VEL-FSLH M04 1016KWL,FSLH M04
VEL-FSLH M06 1016KWL,FSLH M06
VEL-FSLH M08 1016KWL,FSLH M08
VEL-FSLH S01 1016KWL,FSLH S01
VEL-FSLH S06 1016KWL,FSLH S06
VEL-EKW C08 0007E,EKW C08
VEL-ZZZ 199 4622,ZZZ 199 4622 B
VEL-ZZZ 199 3446,ZZZ 199 3446 B
VEL-ZZZ 199 2270,ZZZ 199 2270 B
VEL-FCM 3072 0004AD,FCM 3072
VEL-TCR 014 0000USH,TCR 014
VEL-KLR300,KLR 300
